{
	"credit": "Made with Blockbench",
	"parent": "create:block/block",
	"textures": {
		"slit": "create:block/mechanical_saw_top_no_slot",
		"stonecutter_saw": "block/stonecutter_saw",
		"particle": "create:block/gearbox_top",
		"gearbox_top": "create:block/gearbox_top",
		"encased_belt": "create:block/encased_chain_drive",
		"gearbox": "create:block/gearbox",
		"andesite_casing_short": "create:block/andesite_casing_short"
	},
	"elements": [
		{
			"name": "Bottom",
			"from": [0, 0, 0],
			"to": [16, 2, 12],
			"faces": {
				"north": {"uv": [0, 14, 16, 16], "texture": "#andesite_casing_short"},
				"east": {"uv": [4, 14, 16, 16], "texture": "#andesite_casing_short"},
				"south": {"uv": [0, 14, 16, 16], "texture": "#encased_belt"},
				"west": {"uv": [0, 14, 12, 16], "texture": "#andesite_casing_short"},
				"up": {"uv": [0, 4, 16, 16], "texture": "#andesite_casing_short"},
				"down": {"uv": [0, 4, 16, 16], "texture": "#andesite_casing_short"}
			}
		},
		{
			"name": "Top",
			"from": [0, 14, 0],
			"to": [16, 16, 12],
			"faces": {
				"north": {"uv": [0, 4, 16, 6], "texture": "#andesite_casing_short"},
				"east": {"uv": [4, 4, 16, 6], "texture": "#andesite_casing_short"},
				"south": {"uv": [0, 0, 16, 2], "texture": "#encased_belt"},
				"west": {"uv": [0, 4, 12, 6], "texture": "#andesite_casing_short"},
				"up": {"uv": [0, 4, 16, 16], "texture": "#andesite_casing_short"},
				"down": {"uv": [0, 4, 16, 16], "texture": "#andesite_casing_short"}
			}
		},
		{
			"name": "Back",
			"from": [0, 2, 0],
			"to": [2, 14, 2],
			"faces": {
				"north": {"uv": [14, 2, 16, 14], "texture": "#gearbox_top"},
				"east": {"uv": [14, 2, 16, 14], "texture": "#gearbox_top"},
				"south": {"uv": [0, 2, 2, 14], "texture": "#gearbox_top"},
				"west": {"uv": [0, 2, 2, 14], "texture": "#gearbox_top"}
			}
		},
		{
			"name": "Inner",
			"from": [0, 2, 2],
			"to": [16, 14, 11],
			"faces": {
				"east": {"uv": [2, 6, 14, 15], "rotation": 90, "texture": "#andesite_casing_short"},
				"south": {"uv": [0, 2, 16, 14], "texture": "#slit"},
				"west": {"uv": [2, 6, 14, 15], "rotation": 270, "texture": "#andesite_casing_short"}
			}
		},
		{
			"name": "Blade",
			"from": [1, 8, 11],
			"to": [15, 8.062, 18],
			"faces": {
				"up": {"uv": [1, 9, 15, 16], "rotation": 180, "texture": "#stonecutter_saw"},
				"down": {"uv": [1, 9, 15, 16], "texture": "#stonecutter_saw"}
			}
		},
		{
			"name": "Back",
			"from": [14, 2, 0],
			"to": [16, 14, 2],
			"faces": {
				"north": {"uv": [0, 2, 2, 14], "texture": "#gearbox_top"},
				"east": {"uv": [14, 2, 16, 14], "texture": "#gearbox_top"},
				"south": {"uv": [0, 2, 2, 14], "texture": "#gearbox_top"},
				"west": {"uv": [0, 2, 2, 14], "texture": "#gearbox_top"}
			}
		},
		{
			"name": "Back",
			"from": [2, 2, 1],
			"to": [14, 14, 2],
			"faces": {
				"north": {"uv": [2, 2, 14, 14], "texture": "#gearbox"}
			}
		}
	],
	"display": {
		"fixed": {
			"rotation": [0, 180, 0],
			"translation": [0, 0, -1.5],
			"scale": [0.5, 0.5, 0.5]
		}
	}
}