{
	"credit": "Made with Blockbench",
	"parent": "block/block",
	"textures": {
		"3": "create:block/belt/brass_belt_casing",
		"particle": "create:block/brass_casing"
	},
	"elements": [
		{
			"from": [5, 0, 0],
			"to": [11, 16, 16],
			"rotation": {"angle": 0, "axis": "y", "origin": [8, 8, 8]},
			"faces": {
				"north": {"uv": [0, 13.25, 4, 14.75], "rotation": 270, "texture": "#3"},
				"east": {"uv": [4, 8, 7.75, 12], "texture": "#3"},
				"south": {"uv": [0, 13.25, 4, 14.75], "rotation": 90, "texture": "#3"},
				"west": {"uv": [4, 8, 8, 12], "texture": "#3"},
				"up": {"uv": [4, 13.25, 8, 14.75], "rotation": 90, "texture": "#3"},
				"down": {"uv": [4, 13.25, 8, 14.75], "rotation": 90, "texture": "#3"}
			}
		},
		{
			"from": [2.9375, -0.0625, 2],
			"to": [13.0625, 16.0625, 14],
			"rotation": {"angle": 0, "axis": "y", "origin": [8, 8, 8]},
			"faces": {
				"north": {"uv": [4.5, 8, 7.5, 12], "texture": "#3"},
				"east": {"uv": [4.75, 8, 7.25, 12], "texture": "#3"},
				"south": {"uv": [4.5, 8, 7.5, 12], "texture": "#3"},
				"west": {"uv": [4.75, 8, 7.25, 12], "texture": "#3"},
				"up": {"uv": [4.5, 12.75, 7.5, 15.25], "rotation": 90, "texture": "#3"},
				"down": {"uv": [4.5, 12.75, 7.5, 15.25], "rotation": 90, "texture": "#3"}
			}
		}
	]
}