{
	"credit": "Made with Blockbench",
	"parent": "block/block",
	"textures": {
		"1": "block/stripped_spruce_log_top",
		"particle": "create:block/andesite_casing",
		"casing": "create:block/andesite_casing",
		"side": "create:block/andesite_encased_cogwheel_side",
		"1_2": "create:block/cogwheel"
	},
	"elements": [
		{
			"from": [0, 0, 0],
			"to": [16, 16, 16],
			"faces": {
				"north": {"uv": [0, 0, 16, 16], "texture": "#side"},
				"east": {"uv": [0, 0, 16, 16], "texture": "#side"},
				"south": {"uv": [0, 0, 16, 16], "texture": "#side"},
				"west": {"uv": [0, 0, 16, 16], "texture": "#side"},
				"up": {"uv": [0, 0, 16, 16], "texture": "#casing"},
				"down": {"uv": [0, 0, 16, 16], "texture": "#casing"}
			}
		},
		{
			"from": [0, 10, 0],
			"to": [16, 6, 16],
			"rotation": {"angle": 0, "axis": "y", "origin": [0, -2, 0]},
			"faces": {
				"up": {"uv": [0, 0, 16, 16], "texture": "#1"},
				"down": {"uv": [0, 0, 16, 16], "texture": "#1"}
			}
		},
		{
			"name": "Gear",
			"from": [5.5, 6.025, -1],
			"to": [10.5, 9.975, 17],
			"rotation": {"angle": 0, "axis": "y", "origin": [8.25, 8, 8]},
			"faces": {
				"north": {"uv": [5, 8, 6.5, 9.5], "texture": "#1_2"},
				"east": {"uv": [7, 8, 16, 9.5], "texture": "#1_2"},
				"south": {"uv": [5, 8, 6.5, 9.5], "texture": "#1_2"},
				"west": {"uv": [7, 8, 16, 9.5], "texture": "#1_2"},
				"up": {"uv": [7, 6, 16, 7.5], "rotation": 270, "texture": "#1_2"},
				"down": {"uv": [7, 6, 16, 7.5], "rotation": 90, "texture": "#1_2"}
			}
		},
		{
			"name": "Gear4",
			"from": [-1, 6.025, 5.5],
			"to": [18, 9.975, 10.5],
			"rotation": {"angle": 0, "axis": "y", "origin": [8.25, 8, 8]},
			"faces": {
				"north": {"uv": [7, 8, 16, 9.5], "texture": "#1_2"},
				"east": {"uv": [5, 8, 6.5, 9.5], "texture": "#1_2"},
				"south": {"uv": [7, 8, 16, 9.5], "texture": "#1_2"},
				"west": {"uv": [5, 8, 6.5, 9.5], "texture": "#1_2"},
				"up": {"uv": [7, 6, 16, 7.5], "texture": "#1_2"},
				"down": {"uv": [7, 6, 16, 7.5], "rotation": 180, "texture": "#1_2"}
			}
		}
	],
	"groups": [
		0,
		1,
		{
			"name": "cogwheel",
			"origin": [8, 8, 8],
			"color": 0,
			"children": [2, 3]
		}
	]
}