{
	"credit": "Made with Blockbench",
	"textures": {
		"1": "block/stripped_spruce_log_top",
		"4": "create:block/gearbox",
		"particle": "create:block/andesite_casing",
		"casing": "create:block/andesite_casing",
		"side": "create:block/andesite_encased_cogwheel_side_connected"
	},
	"elements": [
		{
			"from": [0, 0, 0],
			"to": [16, 6, 16],
			"faces": {
				"north": {"uv": [8, 13, 16, 16], "texture": "#side"},
				"east": {"uv": [8, 13, 16, 16], "texture": "#side"},
				"south": {"uv": [8, 13, 16, 16], "texture": "#side"},
				"west": {"uv": [8, 13, 16, 16], "texture": "#side"},
				"up": {"uv": [0, 0, 16, 16], "texture": "#1"},
				"down": {"uv": [0, 0, 16, 16], "texture": "#casing"}
			}
		},
		{
			"from": [0, 0, 0],
			"to": [16, 6, 16],
			"faces": {
				"north": {"uv": [8, 13, 16, 16], "texture": "#side"},
				"east": {"uv": [8, 13, 16, 16], "texture": "#side"},
				"south": {"uv": [8, 13, 16, 16], "texture": "#side"},
				"west": {"uv": [8, 13, 16, 16], "texture": "#side"},
				"up": {"uv": [0, 0, 16, 16], "texture": "#1"},
				"down": {"uv": [0, 0, 16, 16], "texture": "#casing"}
			}
		},
		{
			"from": [0, 10, 0],
			"to": [16, 16, 16],
			"faces": {
				"north": {"uv": [8, 8, 16, 11], "texture": "#side"},
				"east": {"uv": [8, 8, 16, 11], "texture": "#side"},
				"south": {"uv": [8, 8, 16, 11], "texture": "#side"},
				"west": {"uv": [8, 8, 16, 11], "texture": "#side"},
				"up": {"uv": [0, 0, 16, 16], "texture": "#4"},
				"down": {"uv": [0, 0, 16, 16], "texture": "#1"}
			}
		}
	]
}