{
	"credit": "Made with Blockbench",
	"textures": {
		"4": "create:block/contraption_controls_frame",
		"1_7": "create:block/contraption_controls",
		"particle": "create:block/andesite_casing"
	},
	"elements": [
		{
			"from": [14, 0, 6],
			"to": [16, 14, 16],
			"faces": {
				"north": {"uv": [0, 9, 1, 16], "texture": "#4"},
				"east": {"uv": [13, 0, 8, 7], "texture": "#4"},
				"south": {"uv": [7, 0, 8, 7], "texture": "#4"},
				"west": {"uv": [16, 9, 11, 16], "texture": "#4"},
				"up": {"uv": [0, 0, 1, 5], "rotation": 180, "texture": "#1_7"},
				"down": {"uv": [0, 11, 1, 16], "rotation": 180, "texture": "#1_7"}
			}
		},
		{
			"from": [2, 5, 14],
			"to": [14, 14, 16],
			"faces": {
				"north": {"uv": [1, 9, 7, 13.5], "texture": "#4"},
				"south": {"uv": [1, 0, 7, 4.5], "texture": "#4"},
				"up": {"uv": [1, 0, 7, 1], "rotation": 180, "texture": "#4"}
			}
		},
		{
			"from": [0, 0, 6],
			"to": [2, 14, 16],
			"rotation": {"angle": 0, "axis": "y", "origin": [16, 0, 0]},
			"faces": {
				"north": {"uv": [7, 9, 8, 16], "texture": "#4"},
				"east": {"uv": [11, 9, 16, 16], "texture": "#4"},
				"south": {"uv": [0, 0, 1, 7], "texture": "#4"},
				"west": {"uv": [8, 0, 13, 7], "texture": "#4"},
				"up": {"uv": [7, 0, 8, 5], "rotation": 180, "texture": "#1_7"},
				"down": {"uv": [7, 11, 8, 16], "rotation": 180, "texture": "#1_7"}
			}
		},
		{
			"from": [2, 5, 7],
			"to": [14, 10, 15],
			"faces": {
				"north": {"uv": [1, 16, 7, 13.5], "rotation": 180, "texture": "#4"},
				"down": {"uv": [1, 16, 7, 12], "rotation": 180, "texture": "#4"}
			}
		},
		{
			"from": [2, 0, 8],
			"to": [14, 5, 16],
			"faces": {
				"north": {"uv": [1, 4.5, 7, 7], "texture": "#4"},
				"south": {"uv": [1, 4.5, 7, 7], "texture": "#4"},
				"down": {"uv": [7, 12, 1, 16], "texture": "#1_7"}
			}
		},
		{
			"from": [4.95, 8.5, 7.95],
			"to": [11.05, 11, 14.05],
			"rotation": {"angle": -22.5, "axis": "x", "origin": [8, 10, 7]},
			"faces": {
				"north": {"uv": [5.5, 12.5, 2.5, 13], "rotation": 180, "texture": "#4"},
				"east": {"uv": [2.5, 13, 3, 10], "rotation": 90, "texture": "#4"},
				"south": {"uv": [2.5, 10, 5.5, 10.5], "rotation": 180, "texture": "#4"},
				"west": {"uv": [5, 10, 5.5, 13], "rotation": 90, "texture": "#4"},
				"up": {"uv": [2.5, 10, 5.5, 13], "rotation": 180, "texture": "#4"}
			}
		},
		{
			"from": [2, 9, 7],
			"to": [14, 10, 15],
			"rotation": {"angle": -22.5, "axis": "x", "origin": [8, 10, 7]},
			"faces": {
				"up": {"uv": [1, 9.5, 7, 13.5], "rotation": 180, "texture": "#4"}
			}
		},
		{
			"from": [2, 9.05, 8],
			"to": [14, 10.05, 14],
			"rotation": {"angle": -22.5, "axis": "x", "origin": [8, 10, 7]},
			"faces": {
				"up": {"uv": [1, 10, 7, 13], "rotation": 180, "texture": "#4"}
			}
		}
	],
	"display": {
		"thirdperson_righthand": {
			"rotation": [75, 45, 0],
			"translation": [0, 2.5, 0],
			"scale": [0.375, 0.375, 0.375]
		},
		"thirdperson_lefthand": {
			"rotation": [75, 45, 0],
			"translation": [0, 2.5, 0],
			"scale": [0.375, 0.375, 0.375]
		},
		"firstperson_righthand": {
			"rotation": [0, 45, 0],
			"scale": [0.4, 0.4, 0.4]
		},
		"firstperson_lefthand": {
			"rotation": [0, 225, 0],
			"scale": [0.4, 0.4, 0.4]
		},
		"ground": {
			"translation": [0, 3, 0],
			"scale": [0.25, 0.25, 0.25]
		},
		"gui": {
			"rotation": [30, 225, 0],
			"translation": [1.5, -0.25, 0],
			"scale": [0.625, 0.625, 0.625]
		},
		"head": {
			"translation": [0, 8.5, -2.25]
		},
		"fixed": {
			"translation": [0, 0, -1.75],
			"scale": [0.5, 0.5, 0.5]
		}
	}
}