{
	"credit": "Made with Blockbench",
	"parent": "block/block",
	"textures": {
		"base": "create:block/funnel/brass_funnel",
		"direction": "create:block/funnel/brass_funnel_pull",
		"redstone": "create:block/funnel/brass_funnel_unpowered",
		"particle": "create:block/brass_block",
		"block": "create:block/brass_block"
	},
	"elements": [
		{
			"name": "Top",
			"from": [0.1, -1, 12],
			"to": [15.9, 2, 16.2],
			"rotation": {"angle": 0, "axis": "y", "origin": [8, 0, 4]},
			"faces": {
				"north": {"uv": [0, 9, 16, 12], "texture": "#block"},
				"east": {"uv": [9, 16, 7.5, 14], "rotation": 270, "texture": "#base"},
				"south": {"uv": [7.5, 8, 9, 16], "rotation": 90, "texture": "#base"},
				"west": {"uv": [9, 10, 7.5, 8], "rotation": 270, "texture": "#base"},
				"up": {"uv": [0, 5, 16, 9], "rotation": 180, "texture": "#block"},
				"down": {"uv": [0, 12, 16, 16], "rotation": 180, "texture": "#block"}
			}
		},
		{
			"name": "Back",
			"from": [2.05, 2, 12],
			"to": [13.95, 13.95, 18.1],
			"rotation": {"angle": 0, "axis": "y", "origin": [8, -8.1, 6]},
			"faces": {
				"north": {"uv": [0, 0, 6, 6], "texture": "#base"},
				"east": {"uv": [8, 2, 12, 14], "texture": "#redstone"},
				"south": {"uv": [6, 0, 12, 6], "texture": "#base"},
				"west": {"uv": [8, 2, 12, 14], "rotation": 180, "texture": "#redstone"},
				"up": {"uv": [8, 2, 12, 14], "rotation": 270, "texture": "#redstone"},
				"down": {"uv": [8, 2, 12, 14], "rotation": 90, "texture": "#redstone"}
			}
		},
		{
			"name": "RearBackPlate",
			"from": [2, 10, 10],
			"to": [14, 12, 14],
			"rotation": {"angle": 0, "axis": "y", "origin": [7, 6.9, 8]},
			"faces": {
				"down": {"uv": [0, 0, 6, 2.5], "rotation": 180, "texture": "#base"}
			}
		},
		{
			"from": [-0.05, 0, 12],
			"to": [16.05, 16, 18],
			"rotation": {"angle": -22.5, "axis": "x", "origin": [8, 0, 12]},
			"faces": {
				"north": {"uv": [0, 0, 8, 8], "texture": "#direction"},
				"east": {"uv": [11, 16, 14, 8], "rotation": 180, "texture": "#direction"},
				"south": {"uv": [0, 8, 8, 16], "rotation": 180, "texture": "#direction"},
				"west": {"uv": [11, 8, 14, 16], "texture": "#direction"},
				"up": {"uv": [11, 0, 14, 8], "rotation": 90, "texture": "#direction"},
				"down": {"uv": [0, 7, 8, 10], "texture": "#direction"}
			}
		},
		{
			"from": [1.9, 0, 18],
			"to": [14.1, 10.05, 12],
			"rotation": {"angle": -22.5, "axis": "x", "origin": [8, 0, 12]},
			"faces": {
				"east": {"uv": [13, 6, 16, 11], "rotation": 180, "texture": "#base"},
				"west": {"uv": [13, 11, 16, 16], "texture": "#base"},
				"up": {"uv": [13, 8, 16, 14], "rotation": 90, "texture": "#base"}
			}
		}
	],
	"groups": [
		{
			"name": "block_retracted",
			"origin": [8, 8, 8],
			"color": 0,
			"children": [
				{
					"name": "BeltFunnel",
					"origin": [9, -4, 8],
					"color": 0,
					"children": [
						{
							"name": "FrontSection",
							"origin": [9, -4, 8],
							"color": 0,
							"children": [0]
						},
						{
							"name": "Base",
							"origin": [9, -4, 8],
							"color": 0,
							"children": [1, 2]
						}
					]
				}
			]
		},
		3,
		4
	]
}