{
	"credit": "Made with Blockbench",
	"parent": "block/block",
	"textures": {
		"base": "create:block/funnel/brass_funnel",
		"direction": "create:block/funnel/brass_funnel_neutral",
		"redstone": "create:block/funnel/brass_funnel_unpowered",
		"particle": "create:block/brass_block"
	},
	"elements": [
		{
			"from": [0, -3, 8],
			"to": [16, 16, 14],
			"faces": {
				"north": {"uv": [0, 0, 8, 9.5], "texture": "#direction"},
				"east": {"uv": [8, 9.5, 11, 0], "rotation": 180, "texture": "#direction"},
				"south": {"uv": [0, 6.5, 8, 16], "rotation": 180, "texture": "#direction"},
				"west": {"uv": [8, 0, 11, 9.5], "texture": "#direction"},
				"up": {"uv": [11, 0, 14, 8], "rotation": 90, "texture": "#direction"},
				"down": {"uv": [0, 7, 8, 10], "texture": "#direction"}
			}
		},
		{
			"from": [1.95, -3, 14],
			"to": [14.05, 10.05, 8],
			"faces": {
				"east": {"uv": [13, 16, 16, 9.5], "rotation": 180, "texture": "#base"},
				"west": {"uv": [13, 12.5, 16, 6], "texture": "#base"},
				"up": {"uv": [16, 7.5, 13, 13.5], "rotation": 270, "texture": "#base"}
			}
		},
		{
			"name": "Back",
			"from": [2.05, -2, 12],
			"to": [13.95, 12.95, 18.1],
			"rotation": {"angle": 0, "axis": "y", "origin": [8, -8.1, 6]},
			"faces": {
				"north": {"uv": [0, 0, 6, 8], "rotation": 180, "texture": "#base"},
				"east": {"uv": [0, 0, 6, 16], "texture": "#redstone"},
				"south": {"uv": [0, 8, 6, 16], "texture": "#base"},
				"west": {"uv": [0, 0, 6, 16], "rotation": 180, "texture": "#redstone"},
				"up": {"uv": [8, 2, 14, 14], "rotation": 270, "texture": "#redstone"},
				"down": {"uv": [0, 2, 6, 14], "rotation": 90, "texture": "#redstone"}
			}
		}
	],
	"groups": [
		{
			"name": "BeltFunnel",
			"origin": [9, -4, 8],
			"color": 0,
			"children": [
				{
					"name": "FrontSection",
					"origin": [9, -4, 8],
					"color": 0,
					"children": [0, 1]
				},
				{
					"name": "Base",
					"origin": [9, -4, 8],
					"color": 0,
					"children": [2]
				}
			]
		}
	]
}