{
	"credit": "Made with Blockbench",
	"parent": "block/block",
	"textures": {
		"0": "create:block/axis",
		"1": "create:block/axis_top",
		"2": "block/dark_oak_log",
		"3": "block/dark_oak_log_top",
		"particle": "block/dark_oak_log"
	},
	"elements": [
		{
			"name": "Axis",
			"from": [6, -0.125, 6],
			"to": [10, 16.125, 10],
			"faces": {
				"north": {"uv": [6, 0, 10, 16], "texture": "#0"},
				"east": {"uv": [6, 0, 10, 16], "texture": "#0"},
				"south": {"uv": [6, 0, 10, 16], "texture": "#0"},
				"west": {"uv": [6, 0, 10, 16], "texture": "#0"},
				"up": {"uv": [6, 6, 10, 10], "texture": "#1"},
				"down": {"uv": [6, 6, 10, 10], "texture": "#1"}
			}
		},
		{
			"name": "Pulley",
			"from": [5, 2, 5],
			"to": [11, 14, 11],
			"rotation": {"angle": 0, "axis": "y", "origin": [-2, 0, 0]},
			"faces": {
				"north": {"uv": [0, 0, 6, 11], "texture": "#2"},
				"east": {"uv": [0, 0, 6, 11], "texture": "#2"},
				"south": {"uv": [0, 0, 6, 11], "texture": "#2"},
				"west": {"uv": [0, 0, 6, 11], "texture": "#2"},
				"up": {"uv": [5, 5, 11, 11], "texture": "#3"},
				"down": {"uv": [5, 5, 11, 11], "texture": "#3"}
			}
		}
	]
}