{
	"credit": "Made with Blockbench",
	"parent": "block/block",
	"textures": {
		"0": "create:block/brass_casing",
		"5": "create:block/andesite_casing_short",
		"6": "create:block/gearbox_top",
		"7": "block/dark_oak_log",
		"particle": "create:block/andesite_casing_short",
		"1_2": "create:block/brass_block"
	},
	"elements": [
		{
			"name": "Center",
			"from": [2, 1, 2],
			"to": [14, 11, 14],
			"faces": {
				"up": {"uv": [2, 4, 14, 16], "texture": "#7"},
				"down": {"uv": [2, 2, 14, 14], "texture": "#6"}
			}
		},
		{
			"name": "Side",
			"from": [0, 0, 0],
			"to": [2, 12, 16],
			"faces": {
				"north": {"uv": [14, 4, 16, 16], "texture": "#5"},
				"east": {"uv": [0, 4, 16, 16], "texture": "#5"},
				"south": {"uv": [0, 4, 2, 16], "texture": "#5"},
				"west": {"uv": [0, 4, 16, 16], "texture": "#5"},
				"up": {"uv": [0, 0, 2, 16], "texture": "#6"},
				"down": {"uv": [0, 0, 2, 16], "texture": "#6"}
			}
		},
		{
			"name": "Side",
			"from": [14, 0, 0],
			"to": [16, 12, 16],
			"faces": {
				"north": {"uv": [0, 4, 2, 16], "texture": "#5"},
				"east": {"uv": [0, 4, 16, 16], "texture": "#5"},
				"south": {"uv": [14, 4, 16, 16], "texture": "#5"},
				"west": {"uv": [0, 4, 16, 16], "texture": "#5"},
				"up": {"uv": [14, 0, 16, 16], "texture": "#6"},
				"down": {"uv": [14, 0, 16, 16], "texture": "#6"}
			}
		},
		{
			"name": "Short Side",
			"from": [2, 0, 0],
			"to": [14, 12, 2],
			"faces": {
				"north": {"uv": [2, 4, 14, 16], "texture": "#5"},
				"south": {"uv": [2, 4, 14, 16], "texture": "#5"},
				"up": {"uv": [2, 0, 14, 2], "texture": "#6"},
				"down": {"uv": [2, 14, 14, 16], "texture": "#6"}
			}
		},
		{
			"name": "Short Side",
			"from": [2, 0, 14],
			"to": [14, 12, 16],
			"faces": {
				"north": {"uv": [2, 4, 14, 16], "texture": "#5"},
				"south": {"uv": [2, 4, 14, 16], "texture": "#5"},
				"up": {"uv": [2, 14, 14, 16], "texture": "#6"},
				"down": {"uv": [2, 0, 14, 2], "texture": "#6"}
			}
		},
		{
			"from": [4, 11, 4],
			"to": [12, 15, 12],
			"faces": {
				"north": {"uv": [1, 4, 5, 12], "rotation": 90, "texture": "#0"},
				"east": {"uv": [1, 4, 5, 12], "rotation": 90, "texture": "#0"},
				"south": {"uv": [1, 4, 5, 12], "rotation": 90, "texture": "#0"},
				"west": {"uv": [1, 4, 5, 12], "rotation": 90, "texture": "#0"},
				"up": {"uv": [4, 4, 12, 12], "rotation": 90, "texture": "#1_2"}
			}
		},
		{
			"from": [3, 11, 3],
			"to": [5, 16, 5],
			"faces": {
				"north": {"uv": [11, 14, 6, 16], "rotation": 270, "texture": "#1_2"},
				"east": {"uv": [8, 2, 13, 0], "rotation": 270, "texture": "#1_2"},
				"south": {"uv": [6, 0, 1, 2], "rotation": 270, "texture": "#0"},
				"west": {"uv": [6, 2, 11, 0], "rotation": 90, "texture": "#1_2"},
				"up": {"uv": [13, 3, 15, 1], "rotation": 180, "texture": "#1_2"}
			}
		},
		{
			"from": [3, 11, 11],
			"to": [5, 16, 13],
			"faces": {
				"north": {"uv": [6, 2, 1, 0], "rotation": 270, "texture": "#0"},
				"east": {"uv": [8, 0, 13, 2], "rotation": 270, "texture": "#1_2"},
				"south": {"uv": [11, 16, 6, 14], "rotation": 270, "texture": "#1_2"},
				"west": {"uv": [6, 0, 11, 2], "rotation": 90, "texture": "#1_2"},
				"up": {"uv": [13, 1, 15, 3], "rotation": 180, "texture": "#1_2"}
			}
		},
		{
			"from": [11, 11, 3],
			"to": [13, 16, 5],
			"faces": {
				"north": {"uv": [11, 16, 6, 14], "rotation": 270, "texture": "#1_2"},
				"east": {"uv": [6, 0, 11, 2], "rotation": 90, "texture": "#1_2"},
				"south": {"uv": [6, 2, 1, 0], "rotation": 270, "texture": "#0"},
				"west": {"uv": [8, 0, 13, 2], "rotation": 270, "texture": "#1_2"},
				"up": {"uv": [15, 3, 13, 1], "rotation": 180, "texture": "#1_2"}
			}
		},
		{
			"from": [11, 11, 11],
			"to": [13, 16, 13],
			"faces": {
				"north": {"uv": [6, 0, 1, 2], "rotation": 270, "texture": "#0"},
				"east": {"uv": [6, 2, 11, 0], "rotation": 90, "texture": "#1_2"},
				"south": {"uv": [11, 14, 6, 16], "rotation": 270, "texture": "#1_2"},
				"west": {"uv": [8, 2, 13, 0], "rotation": 270, "texture": "#1_2"},
				"up": {"uv": [15, 1, 13, 3], "rotation": 180, "texture": "#1_2"}
			}
		}
	],
	"display": {
		"thirdperson_righthand": {
			"rotation": [75, 45, 0],
			"translation": [0, 2.5, 0],
			"scale": [0.375, 0.375, 0.375]
		},
		"thirdperson_lefthand": {
			"rotation": [75, 45, 0],
			"translation": [0, 2.5, 0],
			"scale": [0.375, 0.375, 0.375]
		},
		"firstperson_righthand": {
			"rotation": [0, 45, 0],
			"scale": [0.4, 0.4, 0.4]
		},
		"firstperson_lefthand": {
			"rotation": [0, 225, 0],
			"scale": [0.4, 0.4, 0.4]
		},
		"ground": {
			"translation": [0, 3, 0],
			"scale": [0.25, 0.25, 0.25]
		},
		"gui": {
			"rotation": [30, -45, -90],
			"scale": [0.625, 0.625, 0.625]
		},
		"fixed": {
			"rotation": [-90, 0, 0],
			"scale": [0.5, 0.5, 0.5]
		}
	},
	"groups": [
		{
			"name": "group",
			"origin": [8, 8, 8],
			"children": [0, 1, 2, 3, 4, 5, 6, 7, 8, 9]
		}
	]
}