{
	"credit": "Made with Blockbench",
	"parent": "block/block",
	"textures": {
		"1": "create:block/brass_gearbox",
		"4": "create:block/sequenced_gearshift",
		"particle": "create:block/brass_gearbox"
	},
	"elements": [
		{
			"name": "Core",
			"from": [0, 0, 0],
			"to": [16, 16, 16],
			"faces": {
				"north": {"uv": [0, 0, 16, 16], "texture": "#1"},
				"east": {"uv": [0, 0, 16, 16], "texture": "#4"},
				"south": {"uv": [0, 0, 16, 16], "texture": "#1"},
				"west": {"uv": [0, 0, 16, 16], "texture": "#4"},
				"up": {"uv": [0, 0, 16, 16], "rotation": 90, "texture": "#4"},
				"down": {"uv": [0, 0, 16, 16], "rotation": 90, "texture": "#4"}
			}
		}
	],
	"groups": [
		{
			"name": "block",
			"origin": [8, 8, 8],
			"color": 0,
			"children": [0]
		}
	]
}