{
	"credit": "Made with Blockbench",
	"parent": "block/block",
	"textures": {
		"0": "create:block/gearbox",
		"4": "create:block/crushing_wheel_plates",
		"5": "create:block/millstone",
		"particle": "create:block/palettes/stone_types/cap/andesite_cut_cap"
	},
	"elements": [
		{
			"name": "Gear5",
			"from": [6.5, 6, -1],
			"to": [9.5, 12, 17],
			"rotation": {"angle": 0, "axis": "y", "origin": [0, -0.5, 0]},
			"faces": {
				"north": {"uv": [9, 10, 10.5, 13], "texture": "#5"},
				"east": {"uv": [0, 10, 9, 13], "texture": "#5"},
				"south": {"uv": [9, 10, 10.5, 13], "texture": "#5"},
				"west": {"uv": [0, 10, 9, 13], "texture": "#5"},
				"up": {"uv": [0, 8.5, 9, 10], "rotation": 90, "texture": "#5"},
				"down": {"uv": [0, 8.5, 9, 10], "rotation": 90, "texture": "#5"}
			}
		},
		{
			"name": "Gear6",
			"from": [6.5, 6, -1],
			"to": [9.5, 12, 17],
			"rotation": {"angle": 45, "axis": "y", "origin": [8, 7.5, 8]},
			"faces": {
				"north": {"uv": [9, 10, 10.5, 13], "texture": "#5"},
				"east": {"uv": [0, 10, 9, 13], "texture": "#5"},
				"south": {"uv": [9, 10, 10.5, 13], "texture": "#5"},
				"west": {"uv": [0, 10, 9, 13], "texture": "#5"},
				"up": {"uv": [0, 8.5, 9, 10], "rotation": 90, "texture": "#5"},
				"down": {"uv": [0, 8.5, 9, 10], "rotation": 90, "texture": "#5"}
			}
		},
		{
			"name": "Gear7",
			"from": [-1, 6, 6.5],
			"to": [17, 12, 9.5],
			"rotation": {"angle": 45, "axis": "y", "origin": [8, 7.5, 8]},
			"faces": {
				"north": {"uv": [0, 10, 9, 13], "texture": "#5"},
				"east": {"uv": [9, 10, 10.5, 13], "texture": "#5"},
				"south": {"uv": [0, 10, 9, 13], "texture": "#5"},
				"west": {"uv": [9, 10, 10.5, 13], "texture": "#5"},
				"up": {"uv": [0, 8.5, 9, 10], "texture": "#5"},
				"down": {"uv": [0, 8.5, 9, 10], "rotation": 180, "texture": "#5"}
			}
		},
		{
			"name": "Gear7",
			"from": [-1, 6, 6.5],
			"to": [17, 12, 9.5],
			"rotation": {"angle": 0, "axis": "y", "origin": [0, -0.5, 0]},
			"faces": {
				"north": {"uv": [0, 10, 9, 13], "texture": "#5"},
				"east": {"uv": [9, 10, 10.5, 13], "texture": "#5"},
				"south": {"uv": [0, 10, 9, 13], "texture": "#5"},
				"west": {"uv": [9, 10, 10.5, 13], "texture": "#5"},
				"up": {"uv": [0, 8.5, 9, 10], "texture": "#5"},
				"down": {"uv": [0, 8.5, 9, 10], "rotation": 180, "texture": "#5"}
			}
		},
		{
			"name": "GearCaseInner",
			"from": [2, 6.1, 2],
			"to": [14, 11.1, 14],
			"rotation": {"angle": 0, "axis": "y", "origin": [0, -0.5, 0]},
			"faces": {
				"north": {"uv": [0, 6, 6, 8.5], "texture": "#5"},
				"east": {"uv": [0, 6, 6, 8.5], "texture": "#5"},
				"south": {"uv": [0, 6, 6, 8.5], "texture": "#5"},
				"west": {"uv": [0, 6, 6, 8.5], "texture": "#5"},
				"up": {"uv": [0, 0, 6, 6], "texture": "#5"},
				"down": {"uv": [0, 0, 6, 6], "texture": "#5"}
			}
		},
		{
			"name": "GearCaseOuter",
			"from": [4, 5.5, 4],
			"to": [12, 12.5, 12],
			"rotation": {"angle": 0, "axis": "y", "origin": [0, -0.5, 0]},
			"faces": {
				"north": {"uv": [1, 1.5, 5, 5], "texture": "#5"},
				"east": {"uv": [1, 1.5, 5, 5], "texture": "#5"},
				"south": {"uv": [1, 1.5, 5, 5], "texture": "#5"},
				"west": {"uv": [1, 1.5, 5, 5], "texture": "#5"}
			}
		},
		{
			"name": "bottom",
			"from": [0, 0, 0],
			"to": [16, 6, 2],
			"faces": {
				"north": {"uv": [8, 13, 0, 16], "texture": "#5"},
				"east": {"uv": [7, 13, 8, 16], "texture": "#5"},
				"south": {"uv": [0, 13, 8, 16], "texture": "#5"},
				"west": {"uv": [0, 13, 1, 16], "texture": "#5"},
				"up": {"uv": [0, 0, 2, 16], "rotation": 90, "texture": "#4"},
				"down": {"uv": [0, 14, 16, 16], "texture": "#0"}
			}
		},
		{
			"name": "bottom",
			"from": [0, 0, 14],
			"to": [16, 6, 16],
			"faces": {
				"north": {"uv": [8, 13, 0, 16], "texture": "#5"},
				"east": {"uv": [8, 13, 7, 16], "texture": "#5"},
				"south": {"uv": [8, 13, 0, 16], "texture": "#5"},
				"west": {"uv": [1, 13, 0, 16], "texture": "#5"},
				"up": {"uv": [0, 0, 2, 16], "rotation": 90, "texture": "#4"},
				"down": {"uv": [0, 16, 16, 14], "texture": "#0"}
			}
		},
		{
			"from": [0, 0, 2],
			"to": [2, 6, 14],
			"faces": {
				"east": {"uv": [1, 13, 7, 16], "texture": "#5"},
				"west": {"uv": [1, 13, 7, 16], "texture": "#5"},
				"up": {"uv": [0, 2, 2, 14], "texture": "#4"},
				"down": {"uv": [0, 2, 2, 14], "texture": "#0"}
			}
		},
		{
			"from": [14, 0, 2],
			"to": [16, 6, 14],
			"faces": {
				"east": {"uv": [7, 13, 1, 16], "texture": "#5"},
				"west": {"uv": [7, 13, 1, 16], "texture": "#5"},
				"up": {"uv": [0, 2, 2, 14], "rotation": 180, "texture": "#4"},
				"down": {"uv": [2, 2, 0, 14], "texture": "#0"}
			}
		},
		{
			"from": [2, 1, 2],
			"to": [14, 6, 14],
			"faces": {
				"up": {"uv": [0, 0, 6, 6], "rotation": 270, "texture": "#5"},
				"down": {"uv": [2, 2, 14, 14], "texture": "#0"}
			}
		},
		{
			"from": [2, 12, 2],
			"to": [14, 16, 14],
			"faces": {
				"north": {"uv": [10, 8, 16, 10], "texture": "#5"},
				"east": {"uv": [10, 8, 16, 10], "texture": "#5"},
				"south": {"uv": [10, 8, 16, 10], "texture": "#5"},
				"west": {"uv": [10, 8, 16, 10], "texture": "#5"},
				"up": {"uv": [16, 2, 10, 8], "texture": "#5"},
				"down": {"uv": [16, 2, 10, 8], "texture": "#5"}
			}
		}
	],
	"groups": [
		{
			"name": "cogwheel",
			"origin": [8, 8, 8],
			"color": 0,
			"children": [0, 1, 2, 3, 4, 5]
		},
		{
			"name": "bottom",
			"origin": [8, 8, 8],
			"color": 0,
			"children": [6, 7, 8, 9, 10]
		},
		11
	]
}