{
	"credit": "Made with Blockbench",
	"parent": "block/block",
	"ambientocclusion": false,
	"textures": {
		"5": "create:block/andesite_casing_piston",
		"6": "create:block/piston_bottom",
		"7": "create:block/piston_inner",
		"particle": "create:block/gearbox_top",
		"gearbox": "create:block/gearbox"
	},
	"elements": [
		{
			"name": "Inner",
			"from": [-0.05, 0, 0],
			"to": [16.05, 16, 12],
			"faces": {
				"north": {"uv": [0, 0, 16, 16], "rotation": 270, "texture": "#6"},
				"east": {"uv": [0, 4, 16, 16], "rotation": 270, "texture": "#gearbox"},
				"south": {"uv": [0, 1, 16, 15], "rotation": 90, "texture": "#7"},
				"west": {"uv": [0, 4, 16, 16], "rotation": 90, "texture": "#gearbox"},
				"up": {"uv": [0, 4, 16, 16], "texture": "#5"},
				"down": {"uv": [0, 4, 16, 16], "texture": "#5"}
			}
		}
	],
	"groups": [
		{
			"name": "body",
			"origin": [8, 8, 8],
			"color": 0,
			"children": [0]
		}
	]
}