{
	"credit": "Made with Blockbench",
	"parent": "block/block",
	"textures": {
		"7": "create:block/belt/brass_belt_casing",
		"particle": "create:block/brass_casing"
	},
	"elements": [
		{
			"name": "1",
			"from": [0, 0, 0],
			"to": [16, 11, 12],
			"rotation": {"angle": 0, "axis": "y", "origin": [16, 0, 0]},
			"faces": {
				"north": {"uv": [4, 5.25, 8, 8], "texture": "#7"},
				"east": {"uv": [1, 0, 4, 2.75], "texture": "#7"},
				"south": {"uv": [4, 5.25, 8, 7.25], "texture": "#7"},
				"west": {"uv": [0, 0, 3, 2.75], "texture": "#7"},
				"up": {"uv": [0, 4, 4, 7], "texture": "#7"},
				"down": {"uv": [12, 13.5, 16, 16], "texture": "#7"}
			}
		},
		{
			"name": "4",
			"from": [-0.1, 2, 11.303],
			"to": [16.1, 11, 19.328],
			"rotation": {"angle": 45, "axis": "x", "origin": [39, 8, 8]},
			"faces": {
				"north": {"uv": [12, 2.25, 16, 4.5], "texture": "#7"},
				"east": {"uv": [13.975, 0, 16, 2.25], "texture": "#7"},
				"south": {"uv": [8, 2.25, 12, 4.5], "texture": "#7"},
				"west": {"uv": [8, 0, 10, 2.25], "texture": "#7"},
				"up": {"uv": [12, 2.25, 16, 4.25], "texture": "#7"},
				"down": {"uv": [8, 12, 12, 14], "texture": "#7"}
			}
		}
	]
}