{
	"credit": "Made with Blockbench",
	"parent": "block/block",
	"textures": {
		"2": "create:block/gearbox",
		"fan_casing": "create:block/fan_casing",
		"particle": "create:block/fan_side",
		"fan_side": "create:block/fan_side",
		"axis_top": "create:block/axis_top",
		"fan_blades": "create:block/fan_blades",
		"axis": "create:block/axis"
	},
	"elements": [
		{
			"name": "Top",
			"from": [0, 0, 0],
			"to": [16, 16, 16],
			"faces": {
				"north": {"uv": [0, 0, 16, 16], "texture": "#fan_casing"},
				"east": {"uv": [0, 0, 16, 16], "rotation": 90, "texture": "#fan_side"},
				"south": {"uv": [0, 0, 16, 16], "texture": "#2"},
				"west": {"uv": [0, 0, 16, 16], "rotation": 270, "texture": "#fan_side"},
				"up": {"uv": [0, 0, 16, 16], "texture": "#fan_side"},
				"down": {"uv": [0, 0, 16, 16], "rotation": 180, "texture": "#fan_side"}
			}
		},
		{
			"name": "Top",
			"from": [15, 1, 0],
			"to": [1, 15, 16],
			"rotation": {"angle": 0, "axis": "y", "origin": [-13, 0, 0]},
			"faces": {
				"east": {"uv": [0, 0, 16, 16], "rotation": 90, "texture": "#fan_side"},
				"west": {"uv": [0, 0, 16, 16], "rotation": 270, "texture": "#fan_side"},
				"up": {"uv": [0, 0, 16, 16], "texture": "#fan_side"},
				"down": {"uv": [0, 0, 16, 16], "rotation": 180, "texture": "#fan_side"}
			}
		},
		{
			"name": "Shaft",
			"from": [6, 6, 2.2],
			"to": [10, 10, 17],
			"faces": {
				"north": {"uv": [6, 6, 10, 10], "texture": "#axis_top"},
				"east": {"uv": [6, 0, 10, 16], "rotation": 90, "texture": "#axis"},
				"south": {"uv": [6, 6, 10, 10], "texture": "#axis_top"},
				"west": {"uv": [6, 0, 10, 16], "rotation": 270, "texture": "#axis"},
				"up": {"uv": [6, 0, 10, 16], "texture": "#axis"},
				"down": {"uv": [6, 0, 10, 16], "texture": "#axis"}
			}
		},
		{
			"name": "Fan",
			"from": [1, 1, 4],
			"to": [15, 15, 12],
			"rotation": {"angle": 22.5, "axis": "z", "origin": [8, 8, 8]},
			"faces": {
				"north": {"uv": [1, 1, 15, 15], "texture": "#fan_blades"},
				"south": {"uv": [1, 1, 15, 15], "texture": "#fan_blades"}
			}
		}
	],
	"groups": [
		0,
		1,
		{
			"name": "encased_fan_inner",
			"origin": [8, 8, 8],
			"color": 0,
			"children": [2, 3]
		}
	]
}