{
	"credit": "Made with Blockbench",
	"parent": "block/block",
	"textures": {
		"0": "create:block/item_drain_side",
		"1": "create:block/item_drain_top",
		"2": "create:block/copper_casing",
		"3": "create:block/pump",
		"particle": "create:block/item_drain_side"
	},
	"elements": [
		{
			"from": [0, 0, 0],
			"to": [16, 13, 16],
			"faces": {
				"north": {"uv": [0, 3, 16, 16], "texture": "#0"},
				"east": {"uv": [0, 3, 16, 16], "texture": "#0"},
				"south": {"uv": [0, 3, 16, 16], "texture": "#0"},
				"west": {"uv": [0, 3, 16, 16], "texture": "#0"},
				"up": {"uv": [0, 0, 16, 16], "texture": "#1"},
				"down": {"uv": [0, 0, 16, 16], "texture": "#2"}
			}
		},
		{
			"from": [2, 13, 2],
			"to": [14, 5, 14],
			"rotation": {"angle": 0, "axis": "y", "origin": [0, -5, 0]},
			"faces": {
				"north": {"uv": [2, 5, 14, 14], "texture": "#0"},
				"east": {"uv": [2, 5, 14, 14], "texture": "#0"},
				"south": {"uv": [2, 5, 14, 14], "texture": "#0"},
				"west": {"uv": [2, 5, 14, 14], "rotation": 180, "texture": "#0"},
				"up": {"uv": [0, 0, 12, 12], "texture": "#3"}
			}
		}
	]
}