{
	"credit": "Made with Blockbench",
	"parent": "block/block",
	"textures": {
		"3": "create:block/chute_large",
		"4": "create:block/chute",
		"particle": "create:block/industrial_iron_block"
	},
	"elements": [
		{
			"from": [1.1, -12, 2],
			"to": [14.9, 0, 16],
			"rotation": {"angle": 45, "axis": "x", "origin": [8, 0, 16]},
			"faces": {
				"north": {"uv": [8.5, 9.5, 15.5, 15], "texture": "#3"},
				"east": {"uv": [8.5, 9.5, 15.5, 15], "texture": "#3"},
				"south": {"uv": [8.5, 9.5, 15.5, 15], "texture": "#3"},
				"west": {"uv": [8.5, 9.5, 15.5, 15], "texture": "#3"},
				"up": {"uv": [0.5, 8.5, 7.5, 15.5], "rotation": 180, "texture": "#4"},
				"down": {"uv": [0.5, 8.5, 7.5, 15.5], "rotation": 180, "texture": "#4"}
			}
		},
		{
			"from": [2.1, -16, -13],
			"to": [13.9, -5.35, -1],
			"rotation": {"angle": 45, "axis": "x", "origin": [8, -16, 0]},
			"faces": {
				"north": {"uv": [9, 1.5, 15, 7], "texture": "#3"},
				"east": {"uv": [9, 1.5, 15, 7], "texture": "#3"},
				"south": {"uv": [9, 1.5, 15, 7], "texture": "#3"},
				"west": {"uv": [9, 1.5, 15, 7], "texture": "#3"}
			}
		}
	]
}